Name,Email,Phone,Company,Designation,City,Department,Salary,Age
Rajiv Mehta,rajiv.mehta@acmecorp.com,9800000001,Acme Corp,Chief Executive Officer,Mumbai,Executive,8500000,54
Sunita Kapoor,sunita.kapoor@acmecorp.com,9800000002,Acme Corp,Vice President,Mumbai,Executive,6500000,48
Anil Bose,anil.bose@acmecorp.com,9800000003,Acme Corp,Vice President,Delhi,Sales,6200000,46
Deepa Nair,deepa.nair@acmecorp.com,9800000004,Acme Corp,General Manager,Mumbai,Operations,4800000,44
Vikram Singh,vikram.singh@acmecorp.com,9800000005,Acme Corp,Director,Delhi,Technology,4900000,42
Pooja Iyer,pooja.iyer@acmecorp.com,9800000006,Acme Corp,Chief Officer,Bangalore,Finance,5100000,45
Ravi Shankar,ravi.shankar@acmecorp.com,9800000007,Acme Corp,Senior Manager,Mumbai,HR,3200000,40
Neha Gupta,neha.gupta@acmecorp.com,9800000008,Acme Corp,Sr Manager,Delhi,Marketing,3100000,38
Karan Malhotra,karan.malhotra@acmecorp.com,9800000009,Acme Corp,Deputy Director,Bangalore,Operations,3400000,41
